,vocab,count,valence
0,B,179,"[(3,)]"
1,C,52007,"[(4,)]"
2,N,3992,"[(3,)]"
3,S,4412,"[(6,)]"
4,[BH4-],130,"[(4,)]"
5,[CH3+],31,"[(3,)]"
6,[CH3-],11,"[(3,)]"
7,[NH4+],192,"[(4,)]"
8,[SH3+],475,"[(3,)]"
9,[SH5+3],7,"[(5,)]"
10,B=C,1,"[(1, 2)]"
11,BB,26,"[(2, 2)]"
12,BC,604,"[(2, 3)]"
13,BN,215,"[(2, 2)]"
14,BO,191,"[(2, 1)]"
15,BS,9,"[(2, 1)]"
16,B[BH3-],9,"[(2, 3)]"
17,C#C,1470,"[(1, 1)]"
18,C#N,4182,"[(1, 0)]"
19,C#[NH+],6,"[(1, 1)]"
20,C#[O+],3,"[(1, 0)]"
21,C=C,8120,"[(2, 2)]"
22,C=N,4212,"[(2, 1)]"
23,C=O,37454,"[(2, 0)]"
24,C=S,1858,"[(2, 4), (2, 0)]"
25,C=[N-],2,"[(2, 0)]"
26,C=[NH2+],100,"[(2, 2)]"
27,C=[OH+],22,"[(2, 1)]"
28,C=[SH+],28,"[(2, 1)]"
29,C=[SH3+3],2,"[(2, 3)]"
30,CC,143537,"[(3, 3)]"
31,CN,44901,"[(3, 2)]"
32,CO,62185,"[(3, 1)]"
33,CS,8559,"[(3, 1), (3, 5)]"
34,C[N-2],1,"[(3, 0)]"
35,C[NH-],28,"[(3, 1)]"
36,C[NH3+],586,"[(3, 3)]"
37,C[O-],112,"[(3, 0)]"
38,C[OH2+],21,"[(3, 2)]"
39,C[S-],3,"[(3, 0)]"
40,C[SH2+],845,"[(3, 2)]"
41,C[SH4+3],8,"[(3, 4)]"
42,N#[NH+],30,"[(0, 1)]"
43,N#[SH],1,"[(0, 3)]"
44,N=N,276,"[(1, 1)]"
45,N=O,71,"[(1, 0)]"
46,N=S,62,"[(1, 4)]"
47,N=[NH2+],16,"[(1, 2)]"
48,N=[OH+],1,"[(1, 1)]"
49,N=[SH+],4,"[(1, 1)]"
50,N=[SH3+3],1,"[(1, 3)]"
51,NN,2038,"[(2, 2)]"
52,NO,961,"[(2, 1)]"
53,NS,2571,"[(2, 5), (2, 1)]"
54,N[NH3+],30,"[(2, 3)]"
55,N[O-],155,"[(2, 0)]"
56,N[SH2+],156,"[(2, 2)]"
57,N[SH4+3],2,"[(2, 4)]"
58,O=S,8645,"[(0, 4)]"
59,O=[SH+],5,"[(0, 1)]"
60,O=[SH3+3],2,"[(0, 3)]"
61,OO,84,"[(1, 1)]"
62,OS,392,"[(1, 1), (1, 5)]"
63,O[SH2+],11,"[(1, 2)]"
64,S=[SH+],13,"[(0, 1), (4, 1)]"
65,SS,205,"[(1, 1), (5, 5), (5, 1), (1, 5)]"
66,S[SH2+],3,"[(1, 2)]"
67,[BH2-]=C,34,"[(2, 2)]"
68,[BH2-]=N,1,"[(2, 1)]"
69,[BH2-]=S,1,"[(2, 0)]"
70,[BH2-]=[SH+],5,"[(2, 1)]"
71,[BH3-]C,252,"[(3, 3)]"
72,[BH3-]N,16,"[(3, 2)]"
73,[BH3-]O,32,"[(3, 1)]"
74,[BH3-]S,6,"[(3, 1)]"
75,[BH3-][BH3-],2,"[(3, 3)]"
76,[BH3-][NH3+],69,"[(3, 3)]"
77,[BH3-][SH2+],5,"[(3, 2)]"
78,[C-]#[NH+],26,"[(0, 1)]"
79,[CH-]=C,8,"[(1, 2), (2, 1)]"
80,[CH-]=[NH2+],4,"[(1, 2)]"
81,[CH-]=[OH+],1,"[(1, 1)]"
82,[CH2+]C,64,"[(2, 3), (3, 2)]"
83,[CH2+]N,1,"[(2, 2)]"
84,[CH2+]O,5,"[(2, 1)]"
85,[CH2+][CH2+],8,"[(2, 2)]"
86,[CH2+][CH2-],23,"[(2, 2)]"
87,[CH2+][O-],10,"[(2, 0)]"
88,[CH2-]C,38,"[(2, 3), (3, 2)]"
89,[CH2-]N,2,"[(2, 2)]"
90,[CH2-]O,5,"[(2, 1)]"
91,[CH2-][CH2-],2,"[(2, 2)]"
92,[CH2-][O-],5,"[(2, 0)]"
93,[NH+]#[SH],10,"[(1, 3)]"
94,[NH-]N,4,"[(1, 2), (2, 1)]"
95,[NH-]O,1,"[(1, 1)]"
96,[NH-]S,8,"[(1, 1), (1, 5)]"
97,[NH-][NH3+],10,"[(1, 3)]"
98,[NH-][SH2+],10,"[(1, 2)]"
99,[NH2+]=O,65,"[(2, 0)]"
100,[NH2+]=S,10,"[(2, 4)]"
101,[NH2+]=[NH2+],5,"[(2, 2)]"
102,[NH2+]=[OH+],1,"[(2, 1)]"
103,[NH2+]=[SH+],1,"[(2, 1)]"
104,[NH2+]=[SH3+3],2,"[(2, 3)]"
105,[NH3+]O,11,"[(3, 1)]"
106,[NH3+]S,11,"[(3, 5)]"
107,[NH3+][O-],156,"[(3, 0)]"
108,[O+]#[SH],19,"[(0, 3)]"
109,[O-]S,111,"[(0, 1), (0, 5)]"
110,[O-][SH2+],649,"[(0, 2)]"
111,[O-][SH4+3],11,"[(0, 4)]"
112,[OH+]=S,1,"[(1, 4)]"
113,[OH2+]S,1,"[(2, 5)]"
114,[S-][SH2+],1,"[(0, 2)]"
115,B1C=C1,2,"[(1, 1, 1)]"
116,C1=CC1,39,"[(1, 1, 2)]"
117,C1=CC=1,2,"[(0, 1, 1)]"
118,C1=CS1,1,"[(1, 1, 4)]"
119,C1=C[SH+]1,1,"[(1, 1, 1)]"
120,C1=NC1,14,"[(1, 0, 2)]"
121,C1=[S+]C1,1,"[(1, 0, 2)]"
122,C1CC1,743,"[(2, 2, 2)]"
123,C1CN1,105,"[(2, 2, 1)]"
124,C1CO1,149,"[(2, 2, 0)]"
125,C1CS1,12,"[(2, 2, 0)]"
126,C1NN1,10,"[(2, 1, 1)]"
127,C1NO1,12,"[(2, 1, 0)]"
128,C1S#S1,1,"[(2, 2, 2)]"
129,C1SS1,1,"[(2, 0, 0)]"
130,C1S[SH+]1,1,"[(2, 0, 1)]"
131,N1=S=[SH]1,2,"[(0, 2, 3)]"
132,[N+]1#SS1,7,"[(0, 2, 4)]"
133,[N-]1[SH]=[SH]1,1,"[(0, 3, 3)]"
134,C1=CCC1,5,"[(1, 1, 2, 2)]"
135,C1CCC1,237,"[(2, 2, 2, 2)]"
136,C1CNC1,31,"[(2, 2, 1, 2)]"
137,C1CNN1,1,"[(2, 2, 1, 1)]"
138,C1CSC1,4,"[(2, 2, 0, 2)]"
139,B1BCC=C1,2,"[(1, 1, 2, 1, 1)]"
140,B1BCCB1,1,"[(1, 1, 2, 2, 1)]"
141,B1BNBN1,1,"[(1, 1, 1, 1, 1)]"
142,B1C=CBC1,2,"[(1, 1, 1, 1, 2)]"
143,B1C=CC=C1,5,"[(1, 1, 1, 1, 1)]"
144,B1C=CCC1,5,"[(1, 1, 1, 2, 2)]"
145,B1C=CCN1,7,"[(1, 1, 1, 2, 1)]"
146,B1C=CCO1,12,"[(1, 1, 1, 2, 0)]"
147,B1C=C[BH-]=[S+]1,1,"[(1, 1, 1, 1, 0)]"
148,B1C=C[BH2-]O1,1,"[(1, 1, 1, 2, 0)]"
149,B1CBNN1,2,"[(1, 2, 1, 1, 1)]"
150,B1CC=CC1,5,"[(1, 2, 1, 1, 2)]"
151,B1CC=CN1,2,"[(1, 2, 1, 1, 1)]"
152,B1CCBO1,1,"[(1, 2, 2, 1, 0)]"
153,B1NBNN1,1,"[(1, 1, 1, 1, 1)]"
154,B1NC=CN1,41,"[(1, 1, 1, 1, 1)]"
155,B1NC=CO1,4,"[(1, 1, 1, 1, 0)]"
156,B1NC=NN1,3,"[(1, 1, 1, 0, 1)]"
157,B1NC=NO1,2,"[(1, 1, 1, 0, 0)]"
158,B1NCCN1,12,"[(1, 1, 2, 2, 1)]"
159,B1NCCO1,2,"[(1, 1, 2, 2, 0)]"
160,B1OC=CO1,3,"[(1, 0, 1, 1, 0)]"
161,B1OCCO1,214,"[(1, 0, 2, 2, 0)]"
162,B1O[BH2-][NH2+]O1,2,"[(1, 0, 2, 2, 0)]"
163,B1SC=CS1,4,"[(1, 0, 1, 1, 0)]"
164,B1SCCS1,3,"[(1, 0, 2, 2, 0)]"
165,C1=CCC=C1,888,"[(1, 1, 2, 1, 1)]"
166,C1=CCCC1,903,"[(1, 1, 2, 2, 2)]"
167,C1=CCN=C1,62,"[(1, 1, 2, 0, 1)]"
168,C1=CCNC1,874,"[(1, 1, 2, 1, 2)]"
169,C1=CCOC1,559,"[(1, 1, 2, 0, 2)]"
170,C1=CCSC1,30,"[(1, 1, 2, 0, 2), (1, 1, 2, 4, 2)]"
171,C1=CC[NH+]=C1,1,"[(1, 1, 2, 1, 1)]"
172,C1=CC[NH2+]C1,2,"[(1, 1, 2, 2, 2)]"
173,C1=CC[S+]=C1,21,"[(1, 1, 2, 0, 1)]"
174,C1=CC[SH]=C1,1,"[(1, 1, 2, 3, 1)]"
175,C1=CN=CC1,52,"[(1, 1, 0, 1, 2)]"
176,C1=CN=NC1,5,"[(1, 1, 0, 0, 2)]"
177,C1=CNC=C1,2479,"[(1, 1, 1, 1, 1)]"
178,C1=CNC=N1,781,"[(1, 1, 1, 1, 0)]"
179,C1=CNCC1,1088,"[(1, 1, 1, 2, 2)]"
180,C1=CNCN1,210,"[(1, 1, 1, 2, 1)]"
181,C1=CNN=C1,1100,"[(1, 1, 1, 0, 1)]"
182,C1=CNN=N1,473,"[(1, 1, 1, 0, 0)]"
183,C1=CNNC1,131,"[(1, 1, 1, 1, 2)]"
184,C1=CNOC1,12,"[(1, 1, 1, 0, 2)]"
185,C1=CNSC1,2,"[(1, 1, 1, 4, 2)]"
186,C1=CN[N-][NH+]=1,1,"[(0, 1, 1, 0, 1)]"
187,C1=CN[NH+]=C1,3,"[(1, 1, 2, 0, 1)]"
188,C1=CN[NH+]=N1,1,"[(1, 1, 1, 1, 0)]"
189,C1=CN[S+]=C1,1,"[(1, 1, 1, 0, 1)]"
190,C1=COC=C1,964,"[(1, 1, 0, 1, 1)]"
191,C1=COC=N1,89,"[(1, 1, 0, 1, 0)]"
192,C1=COC=[NH+]1,3,"[(1, 1, 0, 1, 1)]"
193,C1=COCC1,322,"[(1, 1, 0, 2, 2)]"
194,C1=COCN1,36,"[(1, 1, 0, 2, 1)]"
195,C1=COCO1,230,"[(1, 1, 0, 2, 0)]"
196,C1=COC[NH2+]1,1,"[(1, 1, 0, 2, 2)]"
197,C1=CON=C1,155,"[(1, 1, 0, 0, 1)]"
198,C1=CON=[NH+]1,9,"[(1, 1, 0, 0, 1)]"
199,C1=CONC1,11,"[(1, 1, 0, 1, 2)]"
200,C1=COSN1,1,"[(1, 1, 0, 4, 1)]"
201,C1=COSO1,1,"[(1, 1, 0, 4, 0)]"
202,C1=CO[NH+]=C1,1,"[(1, 1, 0, 1, 1)]"
203,C1=CSC=C1,1194,"[(1, 1, 0, 1, 1), (1, 1, 4, 1, 1)]"
204,C1=CSC=N1,134,"[(1, 1, 0, 1, 0)]"
205,C1=CSCC1,40,"[(1, 1, 4, 2, 2), (1, 1, 0, 2, 2)]"
206,C1=CSCN1,51,"[(1, 1, 0, 2, 1)]"
207,C1=CSCO1,7,"[(1, 1, 0, 2, 0)]"
208,C1=CSCS1,297,"[(1, 1, 0, 2, 0), (1, 1, 4, 2, 4)]"
209,C1=CSN=C1,21,"[(1, 1, 4, 0, 1), (1, 1, 0, 0, 1)]"
210,C1=CSN=N1,1,"[(1, 1, 0, 0, 0)]"
211,C1=CSNC1,69,"[(1, 1, 0, 1, 2), (1, 1, 4, 1, 2)]"
212,C1=CSNS1,2,"[(1, 1, 0, 1, 0)]"
213,C1=CSOC1,1,"[(1, 1, 4, 0, 2)]"
214,C1=CSOS1,1,"[(1, 1, 4, 0, 4)]"
215,C1=CSSC1,35,"[(1, 1, 0, 0, 2)]"
216,C1=CSSS1,1,"[(1, 1, 0, 0, 0)]"
217,C1=C[CH-]C=C1,1,"[(1, 1, 1, 1, 1)]"
218,C1=C[N-]C=C1,1,"[(1, 1, 0, 1, 1)]"
219,C1=C[N-][S+]=C1,10,"[(1, 1, 0, 0, 1)]"
220,C1=C[NH+]=CC1,6,"[(1, 1, 1, 1, 2)]"
221,C1=C[NH+]=CN1,30,"[(1, 1, 1, 1, 1), (1, 1, 0, 1, 2)]"
222,C1=C[NH+]=NC1,1,"[(1, 1, 1, 0, 2)]"
223,C1=C[NH+]=NN1,6,"[(1, 1, 1, 0, 1)]"
224,C1=C[NH+]=[N+]=C1,1,"[(1, 1, 1, 0, 1)]"
225,C1=C[NH2+]C=C1,2,"[(1, 1, 2, 1, 1)]"
226,C1=C[NH2+]C=[NH+]1,1,"[(1, 1, 2, 1, 1)]"
227,C1=C[NH2+]CC1,7,"[(1, 1, 2, 2, 2)]"
228,C1=C[NH2+]CN1,1,"[(1, 1, 2, 2, 1)]"
229,C1=C[NH2+]N=C1,1,"[(1, 1, 2, 0, 1)]"
230,C1=C[NH2+]N=N1,1,"[(1, 1, 2, 0, 0)]"
231,C1=C[NH2+]NC1,1,"[(1, 1, 2, 1, 2)]"
232,C1=C[NH2+]OC1,2,"[(1, 1, 2, 0, 2)]"
233,C1=C[NH2+]ON1,1,"[(1, 1, 2, 0, 1)]"
234,C1=C[NH2+]O[N-]1,3,"[(1, 1, 2, 0, 0)]"
235,C1=C[O+]=CC1,1,"[(1, 1, 0, 1, 2)]"
236,C1=C[O+]=S=C1,1,"[(1, 1, 0, 2, 1)]"
237,C1=C[S+]=CC1,3,"[(1, 1, 0, 1, 2)]"
238,C1=C[S+]=C[N-]1,421,"[(1, 1, 0, 1, 0)]"
239,C1=C[S+]=NO1,1,"[(1, 1, 0, 0, 0)]"
240,C1=C[S+]=N[N-]1,9,"[(1, 1, 0, 0, 0)]"
241,C1=C[SH+]C=C1,4,"[(1, 1, 1, 1, 1)]"
242,C1=C[SH+]CC1,6,"[(1, 1, 1, 2, 2)]"
243,C1=C[SH+]CO1,1,"[(1, 1, 1, 2, 0)]"
244,C1=C[SH+]CS1,2,"[(1, 1, 1, 2, 0)]"
245,C1=C[SH+]NC1,5,"[(1, 1, 1, 1, 2)]"
246,C1=C[SH+]OC1,1,"[(1, 1, 1, 0, 2)]"
247,C1=C[SH]=NC1,1,"[(1, 1, 3, 0, 2)]"
248,C1=NC=NC1,7,"[(1, 0, 1, 0, 2)]"
249,C1=NC=[S+][N-]1,2,"[(1, 0, 1, 0, 0)]"
250,C1=NCCC1,46,"[(1, 0, 2, 2, 2)]"
251,C1=NCCN1,90,"[(1, 0, 2, 2, 1)]"
252,C1=NCCO1,206,"[(1, 0, 2, 2, 0)]"
253,C1=NCCS1,8,"[(1, 0, 2, 2, 0)]"
254,C1=NCN=C1,7,"[(1, 0, 2, 0, 1)]"
255,C1=NCNC1,11,"[(1, 0, 2, 1, 2)]"
256,C1=NCNN1,4,"[(1, 0, 2, 1, 1)]"
257,C1=NCNO1,4,"[(1, 0, 2, 1, 0)]"
258,C1=NCOC1,11,"[(1, 0, 2, 0, 2)]"
259,C1=NCSC1,9,"[(1, 0, 2, 0, 2)]"
260,C1=NCSS1,6,"[(1, 0, 2, 0, 0)]"
261,C1=NC[S+]=C1,1,"[(1, 0, 2, 0, 1)]"
262,C1=NN=CC1,8,"[(1, 0, 0, 1, 2)]"
263,C1=NN=CN1,107,"[(1, 0, 0, 1, 1)]"
264,C1=NN=CO1,9,"[(1, 0, 0, 1, 0)]"
265,C1=NN=CS1,19,"[(1, 0, 0, 1, 0)]"
266,C1=NN=NC1,1,"[(1, 0, 0, 0, 2)]"
267,C1=NN=NN1,250,"[(1, 0, 0, 0, 1)]"
268,C1=NN=NS1,1,"[(1, 0, 0, 0, 0)]"
269,C1=NN=N[N-]1,1,"[(1, -1, 0, 0, 1)]"
270,C1=NNC=[NH+]1,1,"[(1, 0, 1, 1, 1)]"
271,C1=NNC=[S+]1,1,"[(1, 0, 1, 1, 0)]"
272,C1=NNCC1,260,"[(1, 0, 1, 2, 2)]"
273,C1=NNCN1,149,"[(1, 0, 1, 2, 1)]"
274,C1=NNCO1,32,"[(1, 0, 1, 2, 0)]"
275,C1=NNCS1,9,"[(1, 0, 1, 2, 0)]"
276,C1=NNN=C1,43,"[(1, 0, 1, 0, 1)]"
277,C1=NNNC1,4,"[(1, 0, 1, 1, 2)]"
278,C1=NN[NH2+]C1,1,"[(1, 0, 1, 2, 2)]"
279,C1=NN[SH+]N1,1,"[(1, 0, 1, 1, 1)]"
280,C1=NOCC1,111,"[(1, 0, 0, 2, 2)]"
281,C1=NOCN1,11,"[(1, 0, 0, 2, 1)]"
282,C1=NOCO1,4,"[(1, 0, 0, 2, 0)]"
283,C1=NON=C1,31,"[(1, 0, 0, 0, 1)]"
284,C1=NONC1,1,"[(1, 0, 0, 1, 2)]"
285,C1=NO[NH2+]C1,1,"[(1, 0, 0, 2, 2)]"
286,C1=NO[SH+]C1,1,"[(1, 0, 0, 1, 2)]"
287,C1=NSC=N1,1,"[(1, 0, 0, 1, 0)]"
288,C1=NSCC1,1,"[(1, 0, 4, 2, 2)]"
289,C1=NSCN1,3,"[(1, 0, 0, 2, 1)]"
290,C1=NSNC1,3,"[(1, 0, 4, 1, 2)]"
291,C1=NSSC1,3,"[(1, 0, 0, 0, 2)]"
292,C1=N[N-]C=[S+]1,41,"[(1, 0, 0, 1, 0), (1, -1, 1, 1, 0)]"
293,C1=N[N-][S+]=C1,6,"[(1, 0, 0, 0, 1)]"
294,C1=N[NH+]=NC1,1,"[(1, 0, 1, 0, 2)]"
295,C1=N[NH2+]CC1,3,"[(1, 0, 2, 2, 2)]"
296,C1=N[NH2+]CN1,2,"[(1, 0, 2, 2, 1)]"
297,C1=N[S+]=CN1,1,"[(1, 0, 0, 1, 1)]"
298,C1=N[S+]=C[N-]1,2,"[(1, 0, 0, 1, 0)]"
299,C1=N[SH]=S=N1,2,"[(1, 0, 3, 2, 0)]"
300,C1=N[SH]=[SH][N-]1,1,"[(1, -1, 3, 3, 1)]"
301,C1=S=[NH+][N-]C1,1,"[(1, 2, 1, 0, 2)]"
302,C1=S=[O+][NH2+][N-]1,1,"[(1, 2, 0, 2, 0)]"
303,C1=[N+]=N[NH+]=C1,1,"[(1, 0, 0, 1, 1)]"
304,C1=[N+]=[NH+]CC1,1,"[(1, 0, 1, 2, 2)]"
305,C1=[NH+]C=[NH+]C1,1,"[(1, 1, 1, 1, 2)]"
306,C1=[NH+]CCC1,28,"[(1, 1, 2, 2, 2)]"
307,C1=[NH+]CCN1,2,"[(1, 0, 2, 2, 2), (1, 1, 2, 2, 1)]"
308,C1=[NH+]CCO1,1,"[(1, 1, 2, 2, 0)]"
309,C1=[NH+]COC1,2,"[(1, 1, 2, 0, 2)]"
310,C1=[NH+]C[S+]=C1,1,"[(1, 1, 2, 0, 1)]"
311,C1=[NH+]OCC1,1,"[(1, 1, 0, 2, 2)]"
312,C1=[NH+][N-]NC1,2,"[(1, 1, 0, 1, 2)]"
313,C1=[NH+][N-]OC1,2,"[(1, 1, 0, 0, 2)]"
314,C1=[S+]CCN1,1,"[(1, 0, 2, 2, 1)]"
315,C1=[S+]C[S+]=C1,7,"[(1, 0, 2, 0, 1)]"
316,C1=[S+][N-]N=N1,2,"[(1, 0, 0, 0, 0)]"
317,C1=[SH]SCC1,1,"[(1, 1, 2, 2, 2)]"
318,C1=[SH][SH]=CC1,3,"[(1, 1, 1, 1, 2)]"
319,C1CCCC1,479,"[(2, 2, 2, 2, 2)]"
320,C1CCNC1,1386,"[(2, 2, 2, 1, 2)]"
321,C1CCOC1,909,"[(2, 2, 2, 0, 2)]"
322,C1CCSC1,54,"[(2, 2, 2, 4, 2), (2, 2, 2, 0, 2)]"
323,C1CC[NH2+]C1,10,"[(2, 2, 2, 2, 2)]"
324,C1CC[SH+]C1,5,"[(2, 2, 2, 1, 2)]"
325,C1CN=NC1,13,"[(2, 2, 0, 0, 2)]"
326,C1CN=[NH+]C1,1,"[(2, 2, 0, 1, 2)]"
327,C1CN=[SH]C1,1,"[(2, 2, 0, 3, 2)]"
328,C1CNCN1,396,"[(2, 2, 1, 2, 1)]"
329,C1CNN=N1,3,"[(2, 2, 1, 0, 0)]"
330,C1CNNC1,42,"[(2, 2, 1, 1, 2)]"
331,C1CNOC1,74,"[(2, 2, 1, 0, 2)]"
332,C1CNSC1,6,"[(2, 2, 1, 4, 2)]"
333,C1CNSN1,11,"[(2, 2, 1, 4, 1)]"
334,C1CN[SH+]C1,2,"[(2, 2, 1, 1, 2)]"
335,C1COCN1,685,"[(2, 2, 0, 2, 1)]"
336,C1COCO1,422,"[(2, 2, 0, 2, 0)]"
337,C1COOC1,18,"[(2, 2, 0, 0, 2)]"
338,C1COSC1,1,"[(2, 2, 0, 4, 2)]"
339,C1COSN1,10,"[(2, 2, 0, 4, 1)]"
340,C1CO[SH+]C1,3,"[(2, 2, 0, 1, 2)]"
341,C1CO[SH+]N1,2,"[(2, 2, 0, 1, 1)]"
342,C1CO[SH+]O1,6,"[(2, 2, 0, 1, 0)]"
343,C1CO[SH]=N1,2,"[(2, 2, 0, 3, 0)]"
344,C1CSCN1,101,"[(2, 2, 4, 2, 1), (2, 2, 0, 2, 1)]"
345,C1CSCO1,15,"[(2, 2, 0, 2, 0)]"
346,C1CSCS1,45,"[(2, 2, 0, 2, 0), (2, 2, 4, 2, 4)]"
347,C1CSSC1,3,"[(2, 2, 0, 0, 2)]"
348,C1C[NH+]=NN1,1,"[(2, 2, 1, 0, 1)]"
349,C1C[NH+]=[O+]C1,1,"[(2, 2, 1, 0, 2)]"
350,C1C[NH+]=[SH]C1,1,"[(2, 2, 1, 3, 2)]"
351,C1C[NH2+]CN1,1,"[(2, 2, 2, 2, 1)]"
352,C1C[NH2+]OC1,5,"[(2, 2, 2, 0, 2)]"
353,C1C[O+]=[SH]O1,1,"[(2, 2, 0, 3, 0)]"
354,C1C[S+]=[SH]C1,1,"[(2, 2, 0, 3, 2)]"
355,C1C[SH+]CN1,4,"[(2, 2, 1, 2, 1)]"
356,C1C[SH+]CO1,2,"[(2, 2, 1, 2, 0)]"
357,C1C[SH+]CS1,8,"[(2, 2, 1, 2, 0)]"
358,C1C[SH+]C[SH+]1,4,"[(2, 2, 1, 2, 1)]"
359,C1N=NCN1,9,"[(2, 0, 0, 2, 1)]"
360,C1N=NCO1,1,"[(2, 0, 0, 2, 0)]"
361,C1N=NCS1,1,"[(2, 0, 0, 2, 0)]"
362,C1N=NN=N1,3,"[(2, 0, 0, 0, 0)]"
363,C1NCNN1,24,"[(2, 1, 2, 1, 1)]"
364,C1NCON1,1,"[(2, 1, 2, 0, 1)]"
365,C1NCOO1,3,"[(2, 1, 2, 0, 0)]"
366,C1NCSN1,1,"[(2, 1, 2, 0, 1)]"
367,C1NCSS1,2,"[(2, 1, 2, 0, 0)]"
368,C1NC[SH+]N1,1,"[(2, 1, 2, 1, 1)]"
369,C1NN=NN1,13,"[(2, 1, 0, 0, 1)]"
370,C1NNCS1,4,"[(2, 1, 1, 2, 0)]"
371,C1NSCS1,2,"[(2, 1, 0, 2, 0)]"
372,C1OCOO1,2,"[(2, 0, 2, 0, 0)]"
373,C1O[SH+]C[SH+]1,1,"[(2, 0, 1, 2, 1)]"
374,C1SCSS1,2,"[(2, 0, 2, 0, 0)]"
375,C1SC[SH+]S1,2,"[(2, 0, 2, 1, 0)]"
376,C1SC[SH]=[S+]1,1,"[(2, 4, 2, 3, 0)]"
377,C1S[SH+]C[SH+]1,2,"[(2, 0, 1, 2, 1)]"
378,C1[N-]NCS1,1,"[(2, 0, 1, 2, 0)]"
379,N1=NNN=N1,2,"[(0, 0, 1, 0, 0)]"
380,N1=S=[SH]N=[S+]1,2,"[(0, 2, 3, 0, 0)]"
381,N1=[S+][N-][SH]=[SH]1,1,"[(0, 0, 0, 3, 3)]"
382,[BH-]1=[O+]CCO1,1,"[(1, 0, 2, 2, 0)]"
383,[BH-]1=[S+]CCS1,1,"[(1, 0, 2, 2, 0)]"
384,[BH-]1=[S+]CNN1,1,"[(1, 0, 2, 1, 1)]"
385,[BH2-]1C=CC=C1,6,"[(2, 1, 1, 1, 1)]"
386,[BH2-]1C=CC=[NH+]1,10,"[(2, 1, 1, 1, 1)]"
387,[BH2-]1C=CC[NH2+]1,10,"[(2, 1, 1, 2, 2)]"
388,[BH2-]1C=CC[SH+]1,1,"[(2, 1, 1, 2, 1)]"
389,[BH2-]1C=CN=[NH+]1,2,"[(2, 1, 1, 0, 1)]"
390,[BH2-]1C=[NH+]CC1,3,"[(2, 1, 1, 2, 2)]"
391,[BH2-]1CC=CC1,1,"[(2, 2, 1, 1, 2)]"
392,[BH2-]1CC=CO1,1,"[(2, 2, 1, 1, 0)]"
393,[BH2-]1CC=N[NH2+]1,1,"[(2, 2, 1, 0, 2)]"
394,[BH2-]1CNC=[NH+]1,1,"[(2, 2, 1, 1, 1)]"
395,[BH2-]1COCO1,1,"[(2, 2, 0, 2, 0)]"
396,[BH2-]1NCC=[NH+]1,1,"[(2, 1, 2, 1, 1)]"
397,[BH2-]1NCCO1,3,"[(2, 1, 2, 2, 0)]"
398,[BH2-]1OC=CO1,5,"[(2, 0, 1, 1, 0)]"
399,[BH2-]1OC=[NH+]O1,4,"[(2, 0, 1, 1, 0)]"
400,[BH2-]1OCCO1,11,"[(2, 0, 2, 2, 0)]"
401,[BH2-]1OC[NH2+]O1,4,"[(2, 0, 2, 2, 0)]"
402,[BH2-]1SC=CS1,1,"[(2, 0, 1, 1, 0)]"
403,[BH2-]1SCCS1,1,"[(2, 0, 2, 2, 0)]"
404,[BH2-]1[NH+]=CCO1,3,"[(2, 1, 1, 2, 0)]"
405,[BH2-]1[NH2+]C=CO1,1,"[(2, 2, 1, 1, 0)]"
406,[BH2-]1[NH2+]CCO1,11,"[(2, 2, 2, 2, 0)]"
407,[BH2-]1[NH2+]CCS1,1,"[(2, 2, 2, 2, 0)]"
408,[C-]1=[NH+]C=CN1,11,"[(0, 1, 1, 1, 1)]"
409,[C-]1=[NH+]C=C[NH2+]1,2,"[(0, 1, 1, 1, 2)]"
410,[C-]1=[NH+]C=NN1,2,"[(0, 1, 1, 0, 1)]"
411,[C-]1=[NH+]CC=[NH+]1,1,"[(0, 1, 2, 1, 1)]"
412,[C-]1=[NH+]CCC1,1,"[(0, 1, 2, 2, 2)]"
413,[C-]1=[NH+]CCN1,3,"[(0, 1, 2, 2, 1)]"
414,[C-]1=[NH+]N=CN1,1,"[(0, 1, 0, 1, 1)]"
415,[CH+]1NCCO1,1,"[(1, 1, 2, 2, 0)]"
416,[CH+]1[CH-][CH+]OC1,1,"[(1, 1, 1, 0, 2)]"
417,[CH-]1CC[NH2+]C1,1,"[(1, 2, 2, 2, 2)]"
418,B1BNC=CN1,6,"[(1, 1, 1, 1, 1, 1)]"
419,B1BNCCN1,1,"[(1, 1, 1, 2, 2, 1)]"
420,B1BOC=CO1,1,"[(1, 1, 0, 1, 1, 0)]"
421,B1C=CBC=C1,5,"[(1, 1, 1, 1, 1, 1)]"
422,B1C=CBNN1,1,"[(1, 1, 1, 1, 1, 1)]"
423,B1C=CC=CN1,21,"[(1, 1, 1, 1, 1, 1)]"
424,B1C=CC=CO1,5,"[(1, 1, 1, 1, 1, 0)]"
425,B1C=CC=CS1,1,"[(1, 1, 1, 1, 1, 0)]"
426,B1C=CC=NN1,7,"[(1, 1, 1, 1, 0, 1)]"
427,B1C=CC=NO1,1,"[(1, 1, 1, 1, 0, 0)]"
428,B1C=CCC=C1,1,"[(1, 1, 1, 2, 1, 1)]"
429,B1C=CCCN1,1,"[(1, 1, 1, 2, 2, 1)]"
430,B1C=CCNO1,1,"[(1, 1, 1, 2, 1, 0)]"
431,B1C=CNBO1,2,"[(1, 1, 1, 1, 1, 0)]"
432,B1C=CNC=C1,10,"[(1, 1, 1, 1, 1, 1)]"
433,B1C=CNCN1,2,"[(1, 1, 1, 1, 2, 1)]"
434,B1C=COC=C1,1,"[(1, 1, 1, 0, 1, 1)]"
435,B1C=[BH-][NH+]=CN1,1,"[(1, 1, 1, 1, 1, 1)]"
436,B1CBCCC1,1,"[(1, 2, 1, 2, 2, 2)]"
437,B1CCBCC1,1,"[(1, 2, 2, 1, 2, 2)]"
438,B1COBCO1,1,"[(1, 2, 0, 1, 2, 0)]"
439,B1NBNBN1,6,"[(1, 1, 1, 1, 1, 1)]"
440,B1NC=CCO1,2,"[(1, 1, 1, 1, 2, 0)]"
441,B1NCNCN1,1,"[(1, 1, 2, 1, 2, 1)]"
442,B1OBOBO1,6,"[(1, 0, 1, 0, 1, 0)]"
443,B1OBOSO1,1,"[(1, 0, 1, 0, 4, 0)]"
444,B1OBO[BH2-]O1,4,"[(1, 0, 1, 0, 2, 0)]"
445,B1OCCCO1,20,"[(1, 0, 2, 2, 2, 0)]"
446,B1OCCNO1,4,"[(1, 0, 2, 2, 1, 0)]"
447,B1ONCNO1,1,"[(1, 0, 1, 2, 1, 0)]"
448,B1O[BH2-]O[BH2-]O1,1,"[(1, 0, 2, 0, 2, 0)]"
449,C1#CC=CC=C1,1,"[(0, 0, 1, 1, 1, 1)]"
450,C1=C=C=CC=C=1,1,"[(0, 0, 0, 1, 1, 0)]"
451,C1=CC=CC=C1,62746,"[(1, 1, 1, 1, 1, 1)]"
452,C1=CC=NC=C1,4908,"[(1, 1, 1, 0, 1, 1)]"
453,C1=CC=NN=C1,40,"[(1, 1, 1, 0, 0, 1)]"
454,C1=CC=[NH+]C=C1,86,"[(1, 1, 1, 1, 1, 1)]"
455,C1=CC=[NH+]N=C1,1,"[(1, 1, 1, 1, 0, 1)]"
456,C1=CC=[SH]C=C1,2,"[(1, 1, 1, 3, 1, 1)]"
457,C1=CCC=CC1,682,"[(1, 1, 2, 1, 1, 2)]"
458,C1=CCC=[N+]=C1,1,"[(1, 1, 2, 1, 0, 1)]"
459,C1=CCCC=C1,492,"[(1, 1, 2, 2, 1, 1)]"
460,C1=CCCCC1,1068,"[(1, 1, 2, 2, 2, 2)]"
461,C1=CCCN=C1,18,"[(1, 1, 2, 2, 0, 1)]"
462,C1=CCN=CC1,3,"[(1, 1, 2, 0, 1, 2)]"
463,C1=CCNC=C1,468,"[(1, 1, 2, 1, 1, 1)]"
464,C1=CCNCC1,364,"[(1, 1, 2, 1, 2, 2)]"
465,C1=CCNN=C1,60,"[(1, 1, 2, 1, 0, 1)]"
466,C1=CCNNC1,5,"[(1, 1, 2, 1, 1, 2)]"
467,C1=CCOC=C1,855,"[(1, 1, 2, 0, 1, 1)]"
468,C1=CCOCC1,231,"[(1, 1, 2, 0, 2, 2)]"
469,C1=CCON=C1,1,"[(1, 1, 2, 0, 0, 1)]"
470,C1=CCONC1,14,"[(1, 1, 2, 0, 1, 2)]"
471,C1=CCOOC1,4,"[(1, 1, 2, 0, 0, 2)]"
472,C1=CCSC=C1,20,"[(1, 1, 2, 4, 1, 1), (1, 1, 2, 0, 1, 1)]"
473,C1=CCSCC1,24,"[(1, 1, 2, 0, 2, 2), (1, 1, 2, 4, 2, 2)]"
474,C1=CCSNC1,1,"[(1, 1, 2, 4, 1, 2)]"
475,C1=CCSSC1,1,"[(1, 1, 2, 0, 0, 2)]"
476,C1=CC[N-]C=C1,5,"[(1, 1, 2, 0, 1, 1)]"
477,C1=CC[NH2+]C=C1,11,"[(1, 1, 2, 2, 1, 1)]"
478,C1=CC[NH2+]CC1,3,"[(1, 1, 2, 2, 2, 2)]"
479,C1=CC[SH+]C=C1,1,"[(1, 1, 2, 1, 1, 1)]"
480,C1=CC[SH+]CC1,5,"[(1, 1, 2, 1, 2, 2)]"
481,C1=CC[SH+]NC1,9,"[(1, 1, 2, 1, 1, 2)]"
482,C1=CC[SH+]SC1,2,"[(1, 1, 2, 1, 0, 2)]"
483,C1=CC[SH]=NC1,1,"[(1, 1, 2, 3, 0, 2)]"
484,C1=CN=CC=N1,339,"[(1, 1, 0, 1, 1, 0)]"
485,C1=CN=CCC1,6,"[(1, 1, 0, 1, 2, 2)]"
486,C1=CN=CN=C1,500,"[(1, 1, 0, 1, 0, 1)]"
487,C1=CN=CNC1,157,"[(1, 1, 0, 1, 1, 2)]"
488,C1=CN=COC1,34,"[(1, 1, 0, 1, 0, 2)]"
489,C1=CN=CSC1,3,"[(1, 1, 0, 1, 0, 2)]"
490,C1=CN=C[NH+]=C1,1,"[(1, 1, 0, 1, 1, 1)]"
491,C1=CN=C[NH2+]C1,1,"[(1, 1, 0, 1, 2, 2)]"
492,C1=CN=NC=C1,41,"[(1, 1, 0, 0, 1, 1)]"
493,C1=CN=NC=N1,10,"[(1, 1, 0, 0, 1, 0)]"
494,C1=CN=NN=C1,8,"[(1, 1, 0, 0, 0, 1)]"
495,C1=CN=NNC1,6,"[(1, 1, 0, 0, 1, 2)]"
496,C1=CN=[NH+]N=C1,3,"[(1, 1, 0, 1, 0, 1)]"
497,C1=CN=[SH]CC1,3,"[(1, 1, 0, 3, 2, 2)]"
498,C1=CN=[SH]N=C1,1,"[(1, 1, 0, 3, 0, 1)]"
499,C1=CNC=CC1,315,"[(1, 1, 1, 1, 1, 2)]"
500,C1=CNC=CN1,25,"[(1, 1, 1, 1, 1, 1)]"
501,C1=CNC=NC1,6,"[(1, 1, 1, 1, 0, 2)]"
502,C1=CNCC=N1,57,"[(1, 1, 1, 2, 1, 0)]"
503,C1=CNCCC1,238,"[(1, 1, 1, 2, 2, 2)]"
504,C1=CNCCN1,43,"[(1, 1, 1, 2, 2, 1)]"
505,C1=CNCN=C1,69,"[(1, 1, 1, 2, 0, 1)]"
506,C1=CNCNC1,345,"[(1, 1, 1, 2, 1, 2)]"
507,C1=CNCOC1,29,"[(1, 1, 1, 2, 0, 2)]"
508,C1=CNCSC1,1,"[(1, 1, 1, 2, 0, 2)]"
509,C1=CNC[NH+]=C1,1,"[(1, 1, 1, 2, 1, 1)]"
510,C1=CNN=CC1,12,"[(1, 1, 1, 0, 1, 2)]"
511,C1=CNN=CN1,1,"[(1, 1, 1, 0, 1, 1)]"
512,C1=CNNC=C1,1,"[(1, 1, 1, 1, 1, 1)]"
513,C1=CNNC=N1,1,"[(1, 1, 1, 1, 1, 0)]"
514,C1=CNNCC1,1,"[(1, 1, 1, 1, 2, 2)]"
515,C1=CNSC=C1,38,"[(1, 1, 1, 4, 1, 1)]"
516,C1=CNSCC1,11,"[(1, 1, 1, 4, 2, 2)]"
517,C1=CNSN=C1,8,"[(1, 1, 1, 4, 0, 1)]"
518,C1=CNSNC1,2,"[(1, 1, 1, 4, 1, 2)]"
519,C1=CN[NH2+]C=C1,1,"[(1, 1, 1, 2, 1, 1)]"
520,C1=COC=CC1,639,"[(1, 1, 0, 1, 1, 2)]"
521,C1=COC=CN1,41,"[(1, 1, 0, 1, 1, 1)]"
522,C1=COC=CO1,2,"[(1, 1, 0, 1, 1, 0)]"
523,C1=COC=NC1,4,"[(1, 1, 0, 1, 0, 2)]"
524,C1=COC=NN1,1,"[(1, 1, 0, 1, 0, 1)]"
525,C1=COCC=N1,30,"[(1, 1, 0, 2, 1, 0)]"
526,C1=COCCC1,468,"[(1, 1, 0, 2, 2, 2)]"
527,C1=COCCN1,55,"[(1, 1, 0, 2, 2, 1)]"
528,C1=COCCO1,36,"[(1, 1, 0, 2, 2, 0)]"
529,C1=COCC[NH2+]1,1,"[(1, 1, 0, 2, 2, 2)]"
530,C1=COCN=C1,8,"[(1, 1, 0, 2, 0, 1)]"
531,C1=COCNC1,55,"[(1, 1, 0, 2, 1, 2)]"
532,C1=COCOC1,40,"[(1, 1, 0, 2, 0, 2)]"
533,C1=COCSC1,1,"[(1, 1, 0, 2, 0, 2)]"
534,C1=COC[NH+]=C1,1,"[(1, 1, 0, 2, 1, 1)]"
535,C1=COSC=C1,4,"[(1, 1, 0, 4, 1, 1)]"
536,C1=COSCC1,2,"[(1, 1, 0, 4, 2, 2)]"
537,C1=COSN=C1,1,"[(1, 1, 0, 4, 0, 1)]"
538,C1=COSNC1,12,"[(1, 1, 0, 4, 1, 2)]"
539,C1=CSC=CC1,77,"[(1, 1, 0, 1, 1, 2), (1, 1, 4, 1, 1, 2)]"
540,C1=CSC=CN1,134,"[(1, 1, 0, 1, 1, 1), (1, 1, 4, 1, 1, 1)]"
541,C1=CSC=CO1,6,"[(1, 1, 4, 1, 1, 0), (1, 1, 0, 1, 1, 0)]"
542,C1=CSC=CS1,39,"[(1, 1, 4, 1, 1, 4), (1, 1, 0, 1, 1, 0)]"
543,C1=CSCC=N1,9,"[(1, 1, 0, 2, 1, 0)]"
544,C1=CSCCC1,36,"[(1, 1, 0, 2, 2, 2), (1, 1, 4, 2, 2, 2)]"
545,C1=CSCCN1,52,"[(1, 1, 0, 2, 2, 1), (1, 1, 4, 2, 2, 1)]"
546,C1=CSCCO1,10,"[(1, 1, 0, 2, 2, 0), (1, 1, 4, 2, 2, 0)]"
547,C1=CSCCS1,30,"[(1, 1, 0, 2, 2, 0)]"
548,C1=CSCNC1,7,"[(1, 1, 0, 2, 1, 2), (1, 1, 4, 2, 1, 2)]"
549,C1=CSN=CN1,18,"[(1, 1, 0, 0, 1, 1), (1, 1, 4, 0, 1, 1)]"
550,C1=CSN=CS1,1,"[(1, 1, 0, 0, 1, 0)]"
551,C1=CSNC=N1,2,"[(1, 1, 4, 1, 1, 0)]"
552,C1=CSNCC1,18,"[(1, 1, 4, 1, 2, 2)]"
553,C1=CSNCN1,5,"[(1, 1, 4, 1, 2, 1)]"
554,C1=CSNCO1,1,"[(1, 1, 4, 1, 2, 0)]"
555,C1=CSNN=C1,1,"[(1, 1, 4, 1, 0, 1)]"
556,C1=CSNN=N1,1,"[(1, 1, 4, 1, 0, 0)]"
557,C1=CSOCC1,1,"[(1, 1, 4, 0, 2, 2)]"
558,C1=CSSC=C1,2,"[(1, 1, 0, 0, 1, 1), (1, 1, 4, 4, 1, 1)]"
559,C1=CSSCC1,1,"[(1, 1, 0, 0, 2, 2)]"
560,C1=CSSCS1,2,"[(1, 1, 0, 0, 2, 0)]"
561,C1=C[N-]C=CC1,2,"[(1, 1, 0, 1, 1, 2)]"
562,C1=C[N-]C=C[N-]1,1,"[(1, 1, 0, 1, 1, 0)]"
563,C1=C[N-]CNC1,1,"[(1, 1, 0, 2, 1, 2)]"
564,C1=C[N-]SC=C1,2,"[(1, 1, 0, 4, 1, 1)]"
565,C1=C[NH+]=NC=N1,1,"[(1, 1, 1, 0, 1, 0)]"
566,C1=C[NH+]=N[NH+]=N1,1,"[(1, 1, 1, 0, 1, 0)]"
567,C1=C[NH2+]C=CC1,1,"[(1, 1, 2, 1, 1, 2)]"
568,C1=C[NH2+]C=CN1,5,"[(1, 1, 2, 1, 1, 1)]"
569,C1=C[NH2+]C=C[N-]1,1,"[(1, 1, 2, 1, 1, 0)]"
570,C1=C[NH2+]CCN1,1,"[(1, 1, 2, 2, 2, 1)]"
571,C1=C[NH2+]C[O+]=N1,1,"[(1, 1, 2, 2, 0, 0)]"
572,C1=C[S+]=CNC1,1,"[(1, 1, 0, 1, 1, 2)]"
573,C1=C[S+]=NS[N-]1,1,"[(1, 1, 0, 0, 0, 0)]"
574,C1=C[SH+]C=CC1,10,"[(1, 1, 1, 1, 1, 2)]"
575,C1=C[SH+]C=CN1,8,"[(1, 1, 1, 1, 1, 1)]"
576,C1=C[SH+]C=CS1,4,"[(1, 1, 1, 1, 1, 0)]"
577,C1=C[SH+]C=C[N-]1,2,"[(1, 1, 1, 1, 1, 0)]"
578,C1=C[SH+]C=C[SH+]1,1,"[(1, 1, 1, 1, 1, 1)]"
579,C1=C[SH+]CCC1,1,"[(1, 1, 1, 2, 2, 2)]"
580,C1=C[SH+]CCN1,2,"[(1, 1, 1, 2, 2, 1)]"
581,C1=C[SH+]CNC1,1,"[(1, 1, 1, 2, 1, 2)]"
582,C1=C[SH+]N=CN1,2,"[(1, 1, 1, 0, 1, 1)]"
583,C1=NC=NC=N1,96,"[(1, 0, 1, 0, 1, 0)]"
584,C1=NC=NCN1,12,"[(1, 0, 1, 0, 2, 1)]"
585,C1=NC=NN=C1,27,"[(1, 0, 1, 0, 0, 1)]"
586,C1=NC=NN=N1,1,"[(1, 0, 1, 0, 0, 0)]"
587,C1=NC=NNC1,1,"[(1, 0, 1, 0, 1, 2)]"
588,C1=NC=N[SH+][N-]1,2,"[(1, 0, 1, -1, 1, 1)]"
589,C1=NCC=NC1,14,"[(1, 0, 2, 1, 0, 2)]"
590,C1=NCC=NN1,7,"[(1, 0, 2, 1, 0, 1)]"
591,C1=NCCCC1,1,"[(1, 0, 2, 2, 2, 2)]"
592,C1=NCCCN1,5,"[(1, 0, 2, 2, 2, 1)]"
593,C1=NCCCO1,7,"[(1, 0, 2, 2, 2, 0)]"
594,C1=NCCN=C1,1,"[(1, 0, 2, 2, 0, 1)]"
595,C1=NCCNC1,8,"[(1, 0, 2, 2, 1, 2)]"
596,C1=NCCOC1,12,"[(1, 0, 2, 2, 0, 2)]"
597,C1=NCN=CC1,1,"[(1, 0, 2, 0, 1, 2)]"
598,C1=NCNCC1,10,"[(1, 0, 2, 1, 2, 2)]"
599,C1=NCNCN1,4,"[(1, 0, 2, 1, 2, 1)]"
600,C1=NCNCO1,1,"[(1, 0, 2, 1, 2, 0)]"
601,C1=NCNN=C1,4,"[(1, 0, 2, 1, 0, 1)]"
602,C1=NCNN=N1,1,"[(1, 0, 2, 1, 0, 0)]"
603,C1=NCNNC1,1,"[(1, 0, 2, 1, 1, 2)]"
604,C1=NCOCC1,1,"[(1, 0, 2, 0, 2, 2)]"
605,C1=NN=CCC1,1,"[(1, 0, 0, 1, 2, 2)]"
606,C1=NN=CN=N1,46,"[(1, 0, 0, 1, 0, 0)]"
607,C1=NN=CNC1,2,"[(1, 0, 0, 1, 1, 2)]"
608,C1=NN=CNN1,1,"[(1, 0, 0, 1, 1, 1)]"
609,C1=NN=COC1,1,"[(1, 0, 0, 1, 0, 2)]"
610,C1=NNC=NN1,19,"[(1, 0, 1, 1, 0, 1)]"
611,C1=NNCCC1,17,"[(1, 0, 1, 2, 2, 2)]"
612,C1=NNCCN1,5,"[(1, 0, 1, 2, 2, 1)]"
613,C1=NNCCO1,6,"[(1, 0, 1, 2, 2, 0)]"
614,C1=NNCN=N1,3,"[(1, 0, 1, 2, 0, 0)]"
615,C1=NNCNC1,35,"[(1, 0, 1, 2, 1, 2)]"
616,C1=NNCNN1,7,"[(1, 0, 1, 2, 1, 1)]"
617,C1=NNCOC1,2,"[(1, 0, 1, 2, 0, 2)]"
618,C1=NNN=CC1,1,"[(1, 0, 1, 0, 1, 2)]"
619,C1=NNN=CN1,1,"[(1, 0, 1, 0, 1, 1)]"
620,C1=NNN=CS1,1,"[(1, 0, 1, 0, 1, 4)]"
621,C1=NOC=NO1,1,"[(1, 0, 0, 1, 0, 0)]"
622,C1=NOCCC1,5,"[(1, 0, 0, 2, 2, 2)]"
623,C1=NOCCN1,1,"[(1, 0, 0, 2, 2, 1)]"
624,C1=NOCCS1,1,"[(1, 0, 0, 2, 2, 0)]"
625,C1=NOCNN1,2,"[(1, 0, 0, 2, 1, 1)]"
626,C1=NOCOC1,1,"[(1, 0, 0, 2, 0, 2)]"
627,C1=NSCCC1,1,"[(1, 0, 4, 2, 2, 2)]"
628,C1=NSNCC1,1,"[(1, 0, 4, 1, 2, 2)]"
629,C1=NSNCN1,1,"[(1, 0, 4, 1, 2, 1)]"
630,C1=NSNSN1,1,"[(1, 0, 4, 1, 4, 1)]"
631,C1=NSOCC1,1,"[(1, 0, 4, 0, 2, 2)]"
632,C1=N[SH+]N=CN1,1,"[(1, 0, 1, 0, 1, 1)]"
633,C1=[N+]=S=NCC1,1,"[(1, 0, 2, 0, 2, 2)]"
634,C1=[NH+]CCCN1,3,"[(1, 1, 2, 2, 2, 1)]"
635,C1=[NH+]OCCC1,1,"[(1, 1, 0, 2, 2, 2)]"
636,C1CCCCC1,1762,"[(2, 2, 2, 2, 2, 2)]"
637,C1CCNCC1,776,"[(2, 2, 2, 1, 2, 2)]"
638,C1CCNNC1,10,"[(2, 2, 2, 1, 1, 2)]"
639,C1CCOCC1,687,"[(2, 2, 2, 0, 2, 2)]"
640,C1CCONC1,4,"[(2, 2, 2, 0, 1, 2)]"
641,C1CCOOC1,10,"[(2, 2, 2, 0, 0, 2)]"
642,C1CCSCC1,41,"[(2, 2, 2, 4, 2, 2), (2, 2, 2, 0, 2, 2)]"
643,C1CCSNC1,3,"[(2, 2, 2, 4, 1, 2)]"
644,C1CCSOC1,1,"[(2, 2, 2, 4, 0, 2)]"
645,C1CCSSC1,3,"[(2, 2, 2, 0, 0, 2)]"
646,C1CC[NH2+]CC1,4,"[(2, 2, 2, 2, 2, 2)]"
647,C1CC[SH+]CC1,5,"[(2, 2, 2, 1, 2, 2)]"
648,C1CC[SH+]SC1,1,"[(2, 2, 2, 1, 0, 2)]"
649,C1CC[SH]=NC1,2,"[(2, 2, 2, 3, 0, 2)]"
650,C1CN=[SH]NC1,1,"[(2, 2, 0, 3, 1, 2)]"
651,C1CNCCN1,337,"[(2, 2, 1, 2, 2, 1)]"
652,C1CNCNC1,174,"[(2, 2, 1, 2, 1, 2)]"
653,C1CNCOC1,32,"[(2, 2, 1, 2, 0, 2)]"
654,C1CNCSC1,5,"[(2, 2, 1, 2, 0, 2)]"
655,C1CNNCN1,2,"[(2, 2, 1, 1, 2, 1)]"
656,C1CNOCN1,2,"[(2, 2, 1, 0, 2, 1)]"
657,C1CNSNC1,11,"[(2, 2, 1, 4, 1, 2)]"
658,C1CNSOC1,6,"[(2, 2, 1, 4, 0, 2)]"
659,C1CNSSN1,1,"[(2, 2, 1, 0, 0, 1)]"
660,C1COCCN1,393,"[(2, 2, 0, 2, 2, 1)]"
661,C1COCCO1,72,"[(2, 2, 0, 2, 2, 0)]"
662,C1COCC[NH2+]1,6,"[(2, 2, 0, 2, 2, 2)]"
663,C1COCNN1,6,"[(2, 2, 0, 2, 1, 1)]"
664,C1COCOC1,296,"[(2, 2, 0, 2, 0, 2)]"
665,C1COCSC1,8,"[(2, 2, 0, 2, 4, 2), (2, 2, 0, 2, 0, 2)]"
666,C1COC[SH+]C1,1,"[(2, 2, 0, 2, 1, 2)]"
667,C1COC[SH]=N1,1,"[(2, 2, 0, 2, 3, 0)]"
668,C1CONCN1,3,"[(2, 2, 0, 1, 2, 1)]"
669,C1COOCO1,5,"[(2, 2, 0, 0, 2, 0)]"
670,C1COSOC1,4,"[(2, 2, 0, 4, 0, 2)]"
671,C1CO[SH+]OC1,4,"[(2, 2, 0, 1, 0, 2)]"
672,C1CO[SH]=[O+]C1,1,"[(2, 2, 0, 3, 0, 2)]"
673,C1CSCCN1,27,"[(2, 2, 0, 2, 2, 1)]"
674,C1CSCCO1,4,"[(2, 2, 0, 2, 2, 0), (2, 2, 4, 2, 2, 0)]"
675,C1CSCCS1,9,"[(2, 2, 0, 2, 2, 0), (2, 2, 4, 2, 2, 4)]"
676,C1CSCSC1,75,"[(2, 2, 4, 2, 4, 2), (2, 2, 0, 2, 0, 2)]"
677,C1CSC[SH+]C1,22,"[(2, 2, 0, 2, 1, 2)]"
678,C1CSSSC1,1,"[(2, 2, 0, 0, 0, 2)]"
679,C1CSSSS1,1,"[(2, 2, 0, 0, 0, 0)]"
680,C1C[NH2+]CCN1,3,"[(2, 2, 2, 2, 2, 1)]"
681,C1C[NH2+]CC[NH2+]1,1,"[(2, 2, 2, 2, 2, 2)]"
682,C1C[SH+]CCN1,1,"[(2, 2, 1, 2, 2, 1)]"
683,C1C[SH+]CCO1,1,"[(2, 2, 1, 2, 2, 0)]"
684,C1C[SH+]CC[SH+]1,1,"[(2, 2, 1, 2, 2, 1)]"
685,C1C[SH+]C[SH+]C1,7,"[(2, 2, 1, 2, 1, 2)]"
686,C1C[SH+]OCO1,1,"[(2, 2, 1, 0, 2, 0)]"
687,C1C[SH]=NCO1,1,"[(2, 2, 3, 0, 2, 0)]"
688,C1N=NCN=N1,2,"[(2, 0, 0, 2, 0, 0)]"
689,C1NCNCN1,47,"[(2, 1, 2, 1, 2, 1)]"
690,C1NCOCN1,1,"[(2, 1, 2, 0, 2, 1)]"
691,C1NCSCN1,4,"[(2, 1, 2, 0, 2, 1)]"
692,C1NCSCS1,10,"[(2, 1, 2, 0, 2, 0)]"
693,C1NC[NH2+]CN1,1,"[(2, 1, 2, 2, 2, 1)]"
694,C1NNCNN1,9,"[(2, 1, 1, 2, 1, 1)]"
695,C1NOCOO1,3,"[(2, 1, 0, 2, 0, 0)]"
696,C1OCOCO1,5,"[(2, 0, 2, 0, 2, 0)]"
697,C1OOCOO1,15,"[(2, 0, 0, 2, 0, 0)]"
698,C1SCSCS1,5,"[(2, 0, 2, 0, 2, 0)]"
699,C1SC[SH+]CS1,1,"[(2, 0, 2, 1, 2, 0)]"
700,C1SSCSS1,4,"[(2, 0, 0, 2, 0, 0)]"
701,C1SS[SH+]SS1,1,"[(2, 0, 0, 1, 0, 0)]"
702,C1S[N-]SN=[S+]1,1,"[(2, 0, 0, 0, 0, 0)]"
703,C1[NH2+]CSCS1,1,"[(2, 2, 2, 0, 2, 0)]"
704,N1SNSNS1,1,"[(1, 4, 1, 4, 1, 4)]"
705,N1SSSSS1,1,"[(1, 0, 0, 0, 0, 0)]"
706,[BH-]1=CC=CC=C1,2,"[(1, 1, 1, 1, 1, 1)]"
707,[BH-]1=CC=C[NH+]=C1,1,"[(1, 1, 1, 1, 1, 1)]"
708,[BH-]1=C[NH+]=CC=C1,3,"[(1, 1, 1, 1, 1, 1)]"
709,[BH-]1=[NH+][BH-]=[NH+][C-]=[NH+]1,1,"[(1, 1, 1, 1, 0, 1)]"
710,[BH2-]1C=CC=N[NH2+]1,3,"[(2, 1, 1, 1, 0, 2)]"
711,[BH2-]1C=CCC[NH2+]1,1,"[(2, 1, 1, 2, 2, 2)]"
712,[BH2-]1C=CNC=[NH+]1,1,"[(2, 1, 1, 1, 1, 1)]"
713,[BH2-]1C=C[BH2-]C=C1,2,"[(2, 1, 1, 2, 1, 1)]"
714,[BH2-]1C=C[NH+]=CN1,1,"[(2, 1, 1, 1, 1, 1)]"
715,[BH2-]1C=[NH+]C=CC1,1,"[(2, 1, 1, 1, 1, 2)]"
716,[BH2-]1C=[NH+]C=CO1,1,"[(2, 1, 1, 1, 1, 0)]"
717,[BH2-]1C=[NH+][BH2-]C=[NH+]1,1,"[(2, 1, 1, 2, 1, 1)]"
718,[BH2-]1CC=CC=[NH+]1,1,"[(2, 2, 1, 1, 1, 1)]"
719,[BH2-]1CCCC[NH2+]1,2,"[(2, 2, 2, 2, 2, 2)]"
720,[BH2-]1CCNCC1,1,"[(2, 2, 2, 1, 2, 2)]"
721,[BH2-]1C[NH2+][BH2-]C[NH2+]1,2,"[(2, 2, 2, 2, 2, 2)]"
722,[BH2-]1C[SH+][BH2-]C[SH+]1,2,"[(2, 2, 1, 2, 2, 1)]"
723,[BH2-]1NC=CCN1,2,"[(2, 1, 1, 1, 2, 1)]"
724,[BH2-]1NC=CN=[NH+]1,1,"[(2, 1, 1, 1, 0, 1)]"
725,[BH2-]1NCC=C[NH2+]1,1,"[(2, 1, 2, 1, 1, 2)]"
726,[BH2-]1NCNCO1,1,"[(2, 1, 2, 1, 2, 0)]"
727,[BH2-]1OC=CC=[O+]1,1,"[(2, 1, 1, 1, 1, -1)]"
728,[BH2-]1OC=CCO1,3,"[(2, 0, 1, 1, 2, 0)]"
729,[BH2-]1OC=[NH+]CO1,1,"[(2, 0, 1, 1, 2, 0)]"
730,[BH2-]1OCCCO1,1,"[(2, 0, 2, 2, 2, 0)]"
731,[BH2-]1[NH+]=CC=CO1,16,"[(2, 1, 1, 1, 1, 0)]"
732,[BH2-]1[NH+]=CCC=[NH+]1,1,"[(2, 1, 1, 2, 1, 1)]"
733,[BH2-]1[NH+]=CCCO1,1,"[(2, 1, 1, 2, 2, 0)]"
734,[BH2-]1[NH2+]C=CCO1,2,"[(2, 2, 1, 1, 2, 0)]"
735,[BH2-]1[NH2+]CCCO1,2,"[(2, 2, 2, 2, 2, 0)]"
736,[BH2-]1[NH2+]O[BH2-][NH2+]O1,1,"[(2, 2, 0, 2, 2, 0)]"
737,[BH2-]1[NH2+][BH2-][NH2+][BH2-][NH2+]1,3,"[(2, 2, 2, 2, 2, 2)]"
738,[C-]1=[NH+]CCCN1,1,"[(0, 1, 2, 2, 2, 1)]"
739,[C-]1=[NH+]CCOC1,1,"[(0, 1, 2, 2, 0, 2)]"
740,[CH+]1[CH+][CH-][CH+][CH-][CH+]1,3,"[(1, 1, 1, 1, 1, 1)]"
741,[CH+]1[CH-][CH+][CH-][CH+][CH-]1,22,"[(1, 1, 1, 1, 1, 1)]"
742,[N-]1[SH+][N-][SH+][N-][SH+]1,1,"[(0, 1, 0, 1, 0, 1)]"
743,B1C=CC=CC=C1,1,"[(1, 1, 1, 1, 1, 1, 1)]"
744,B1C=CC=CCN1,2,"[(1, 1, 1, 1, 1, 2, 1)]"
745,B1C=CC=CCO1,4,"[(1, 1, 1, 1, 1, 2, 0)]"
746,B1CNCCCN1,1,"[(1, 2, 1, 2, 2, 2, 1)]"
747,C1=CC=CCC=C1,148,"[(1, 1, 1, 1, 2, 1, 1)]"
748,C1=CC=CNC=C1,20,"[(1, 1, 1, 1, 1, 1, 1)]"
749,C1=CC=COC=C1,15,"[(1, 1, 1, 1, 0, 1, 1)]"
750,C1=CC=CSC=C1,6,"[(1, 1, 1, 1, 4, 1, 1), (1, 1, 1, 1, 0, 1, 1)]"
751,C1=CC=C[SH+]C=C1,2,"[(1, 1, 1, 1, 1, 1, 1)]"
752,C1=CC=NCC=C1,3,"[(1, 1, 1, 0, 2, 1, 1)]"
753,C1=CC=NNC=C1,1,"[(1, 1, 1, 0, 1, 1, 1)]"
754,C1=CC=[NH+]CC=C1,1,"[(1, 1, 1, 1, 2, 1, 1)]"
755,C1=CCC=CN=C1,4,"[(1, 1, 2, 1, 1, 0, 1)]"
756,C1=CCC=NC=C1,13,"[(1, 1, 2, 1, 0, 1, 1)]"
757,C1=CCC=NN=C1,4,"[(1, 1, 2, 1, 0, 0, 1)]"
758,C1=CCCC=CC1,27,"[(1, 1, 2, 2, 1, 1, 2)]"
759,C1=CCCCC=C1,40,"[(1, 1, 2, 2, 2, 1, 1)]"
760,C1=CCCCCC1,64,"[(1, 1, 2, 2, 2, 2, 2)]"
761,C1=CCCCN=C1,2,"[(1, 1, 2, 2, 2, 0, 1)]"
762,C1=CCCN=CC1,1,"[(1, 1, 2, 2, 0, 1, 2)]"
763,C1=CCCNC=C1,29,"[(1, 1, 2, 2, 1, 1, 1)]"
764,C1=CCCNCC1,12,"[(1, 1, 2, 2, 1, 2, 2)]"
765,C1=CCCNN=C1,5,"[(1, 1, 2, 2, 1, 0, 1)]"
766,C1=CCCOC=C1,11,"[(1, 1, 2, 2, 0, 1, 1)]"
767,C1=CCCOCC1,3,"[(1, 1, 2, 2, 0, 2, 2)]"
768,C1=CCN=NC=C1,5,"[(1, 1, 2, 0, 0, 1, 1)]"
769,C1=CCNC=CC1,17,"[(1, 1, 2, 1, 1, 1, 2)]"
770,C1=CCNC=NC1,3,"[(1, 1, 2, 1, 1, 0, 2)]"
771,C1=CCNCC=C1,42,"[(1, 1, 2, 1, 2, 1, 1)]"
772,C1=CCNCCC1,23,"[(1, 1, 2, 1, 2, 2, 2)]"
773,C1=CCNCN=C1,1,"[(1, 1, 2, 1, 2, 0, 1)]"
774,C1=CCNCNC1,2,"[(1, 1, 2, 1, 2, 1, 2)]"
775,C1=CCNSC=C1,3,"[(1, 1, 2, 1, 4, 1, 1)]"
776,C1=CCOC=CC1,18,"[(1, 1, 2, 0, 1, 1, 2)]"
777,C1=CCOCC=C1,23,"[(1, 1, 2, 0, 2, 1, 1)]"
778,C1=CCOCCC1,9,"[(1, 1, 2, 0, 2, 2, 2)]"
779,C1=CCOCOC1,9,"[(1, 1, 2, 0, 2, 0, 2)]"
780,C1=CCO[SH+]OC1,1,"[(1, 1, 2, 0, 1, 0, 2)]"
781,C1=CCSC=CC1,1,"[(1, 1, 2, 4, 1, 1, 2)]"
782,C1=CCSCC=C1,3,"[(1, 1, 2, 0, 2, 1, 1)]"
783,C1=CCSCSC1,3,"[(1, 1, 2, 0, 2, 0, 2)]"
784,C1=CC[NH+]=NC=C1,1,"[(1, 1, 2, 1, 0, 1, 1)]"
785,C1=CC[S+]=[SH]SC1,1,"[(1, 1, 2, 0, 1, 2, 2)]"
786,C1=CC[SH+]CC=C1,1,"[(1, 1, 2, 1, 2, 1, 1)]"
787,C1=CC[SH+]CSC1,1,"[(1, 1, 2, 1, 2, 0, 2)]"
788,C1=CN=CC=NC1,1,"[(1, 1, 0, 1, 1, 0, 2)]"
789,C1=CN=CCC=N1,9,"[(1, 1, 0, 1, 2, 1, 0)]"
790,C1=CN=CCCC1,1,"[(1, 1, 0, 1, 2, 2, 2)]"
791,C1=CN=CCNC1,3,"[(1, 1, 0, 1, 2, 1, 2)]"
792,C1=CN=CCSC1,1,"[(1, 1, 0, 1, 2, 0, 2)]"
793,C1=CN=CN=CC1,3,"[(1, 1, 0, 1, 0, 1, 2)]"
794,C1=CN=CNC=C1,3,"[(1, 1, 0, 1, 1, 1, 1)]"
795,C1=CN=CNCC1,1,"[(1, 1, 0, 1, 1, 2, 2)]"
796,C1=CN=[SH]C=CC1,1,"[(1, 1, 0, 3, 1, 1, 2)]"
797,C1=CNC=CCC1,15,"[(1, 1, 1, 1, 1, 2, 2)]"
798,C1=CNC=CN=C1,4,"[(1, 1, 1, 1, 1, 0, 1)]"
799,C1=CNC=CNC1,9,"[(1, 1, 1, 1, 1, 1, 2)]"
800,C1=CNC=CSC1,3,"[(1, 1, 1, 1, 1, 4, 2)]"
801,C1=CNC=NNC1,1,"[(1, 1, 1, 1, 0, 1, 2)]"
802,C1=CNCCC=N1,17,"[(1, 1, 1, 2, 2, 1, 0)]"
803,C1=CNCCCC1,29,"[(1, 1, 1, 2, 2, 2, 2)]"
804,C1=CNCCCN1,40,"[(1, 1, 1, 2, 2, 2, 1)]"
805,C1=CNCCN=C1,10,"[(1, 1, 1, 2, 2, 0, 1)]"
806,C1=CNCCNC1,24,"[(1, 1, 1, 2, 2, 1, 2)]"
807,C1=CNCCOC1,5,"[(1, 1, 1, 2, 2, 0, 2)]"
808,C1=CNCCSC1,3,"[(1, 1, 1, 2, 2, 4, 2)]"
809,C1=CNCN=CC1,1,"[(1, 1, 1, 2, 0, 1, 2)]"
810,C1=CNCNC=C1,6,"[(1, 1, 1, 2, 1, 1, 1)]"
811,C1=CNCNCC1,5,"[(1, 1, 1, 2, 1, 2, 2)]"
812,C1=CNCNCN1,1,"[(1, 1, 1, 2, 1, 2, 1)]"
813,C1=CNCNN=C1,2,"[(1, 1, 1, 2, 1, 0, 1)]"
814,C1=CNCNNC1,2,"[(1, 1, 1, 2, 1, 1, 2)]"
815,C1=CNCNOC1,2,"[(1, 1, 1, 2, 1, 0, 2)]"
816,C1=CNN=CCC1,1,"[(1, 1, 1, 0, 1, 2, 2)]"
817,C1=CNN=CCN1,1,"[(1, 1, 1, 0, 1, 2, 1)]"
818,C1=CNNCCC1,1,"[(1, 1, 1, 1, 2, 2, 2)]"
819,C1=CNSN=CN1,1,"[(1, 1, 1, 4, 0, 1, 1)]"
820,C1=CNSNC=N1,1,"[(1, 1, 1, 4, 1, 1, 0)]"
821,C1=COC=CCC1,3,"[(1, 1, 0, 1, 1, 2, 2)]"
822,C1=COC=CN=C1,6,"[(1, 1, 0, 1, 1, 0, 1)]"
823,C1=COC=CNC1,6,"[(1, 1, 0, 1, 1, 1, 2)]"
824,C1=COC=COC1,3,"[(1, 1, 0, 1, 1, 0, 2)]"
825,C1=COC=CSN1,1,"[(1, 1, 0, 1, 1, 4, 1)]"
826,C1=COCCCC1,12,"[(1, 1, 0, 2, 2, 2, 2)]"
827,C1=COCCCN1,2,"[(1, 1, 0, 2, 2, 2, 1)]"
828,C1=COCCCO1,5,"[(1, 1, 0, 2, 2, 2, 0)]"
829,C1=COCCN=C1,1,"[(1, 1, 0, 2, 2, 0, 1)]"
830,C1=COCCNC1,4,"[(1, 1, 0, 2, 2, 1, 2)]"
831,C1=COCCOC1,4,"[(1, 1, 0, 2, 2, 0, 2)]"
832,C1=COCNNC1,1,"[(1, 1, 0, 2, 1, 1, 2)]"
833,C1=COCOC=C1,10,"[(1, 1, 0, 2, 0, 1, 1)]"
834,C1=CONCCC1,1,"[(1, 1, 0, 1, 2, 2, 2)]"
835,C1=COSN=CN1,1,"[(1, 1, 0, 4, 0, 1, 1)]"
836,C1=CSC=CCC1,1,"[(1, 1, 4, 1, 1, 2, 2)]"
837,C1=CSC=CN=C1,1,"[(1, 1, 0, 1, 1, 0, 1)]"
838,C1=CSC=CNC1,2,"[(1, 1, 0, 1, 1, 1, 2)]"
839,C1=CSCCC=N1,2,"[(1, 1, 0, 2, 2, 1, 0)]"
840,C1=CSCCCC1,2,"[(1, 1, 4, 2, 2, 2, 2)]"
841,C1=CSCCCN1,23,"[(1, 1, 0, 2, 2, 2, 1)]"
842,C1=CSCCCO1,1,"[(1, 1, 0, 2, 2, 2, 0)]"
843,C1=CSCCCS1,10,"[(1, 1, 0, 2, 2, 2, 0)]"
844,C1=CSCCNC1,1,"[(1, 1, 0, 2, 2, 1, 2)]"
845,C1=CSCC[NH2+]C1,1,"[(1, 1, 0, 2, 2, 2, 2)]"
846,C1=CSCOCS1,1,"[(1, 1, 0, 2, 0, 2, 0)]"
847,C1=CSNCCC1,5,"[(1, 1, 4, 1, 2, 2, 2)]"
848,C1=CSNCCO1,1,"[(1, 1, 4, 1, 2, 2, 0)]"
849,C1=CSNCCS1,1,"[(1, 1, 4, 1, 2, 2, 0)]"
850,C1=CSNCNC1,1,"[(1, 1, 4, 1, 2, 1, 2)]"
851,C1=CSNSC=C1,1,"[(1, 1, 4, 1, 4, 1, 1)]"
852,C1=CSSSSS1,5,"[(1, 1, 0, 0, 0, 0, 0)]"
853,C1=C[NH+]=CCCC1,1,"[(1, 1, 1, 1, 2, 2, 2)]"
854,C1=C[SH+]CCCN1,6,"[(1, 1, 1, 2, 2, 2, 1)]"
855,C1=C[SH+]CCCS1,1,"[(1, 1, 1, 2, 2, 2, 0)]"
856,C1=NCCCCO1,2,"[(1, 0, 2, 2, 2, 2, 0)]"
857,C1=NCCCN=C1,1,"[(1, 0, 2, 2, 2, 0, 1)]"
858,C1=NCCCNC1,1,"[(1, 0, 2, 2, 2, 1, 2)]"
859,C1=NCCCOC1,1,"[(1, 0, 2, 2, 2, 0, 2)]"
860,C1=NN=CCCC1,1,"[(1, 0, 0, 1, 2, 2, 2)]"
861,C1=NN=CCSC1,2,"[(1, 0, 0, 1, 2, 0, 2), (1, 0, 0, 1, 2, 4, 2)]"
862,C1=NNCNCC1,2,"[(1, 0, 1, 2, 1, 2, 2)]"
863,C1=NNCNOC1,1,"[(1, 0, 1, 2, 1, 0, 2)]"
864,C1=NSCCNC1,1,"[(1, 0, 4, 2, 2, 1, 2)]"
865,C1=[S+]CCCSC1,1,"[(1, 0, 2, 2, 2, 0, 2)]"
866,C1=[S+][N-]S[N-][S+]=C1,1,"[(1, 0, 0, 0, 0, 0, 1)]"
867,C1CCCCCC1,57,"[(2, 2, 2, 2, 2, 2, 2)]"
868,C1CCCNCC1,50,"[(2, 2, 2, 2, 1, 2, 2)]"
869,C1CCCOCC1,18,"[(2, 2, 2, 2, 0, 2, 2)]"
870,C1CCCSCC1,2,"[(2, 2, 2, 2, 0, 2, 2)]"
871,C1CCNCNC1,5,"[(2, 2, 2, 1, 2, 1, 2)]"
872,C1CCNNCC1,1,"[(2, 2, 2, 1, 1, 2, 2)]"
873,C1CCNOCC1,2,"[(2, 2, 2, 1, 0, 2, 2)]"
874,C1CCOCOC1,3,"[(2, 2, 2, 0, 2, 0, 2)]"
875,C1CCOOCC1,1,"[(2, 2, 2, 0, 0, 2, 2)]"
876,C1CCOSNC1,2,"[(2, 2, 2, 0, 4, 1, 2)]"
877,C1CCOSOC1,1,"[(2, 2, 2, 0, 4, 0, 2)]"
878,C1CCO[SH+]OC1,1,"[(2, 2, 2, 0, 1, 0, 2)]"
879,C1CCSCSC1,3,"[(2, 2, 2, 4, 2, 4, 2), (2, 2, 2, 0, 2, 0, 2)]"
880,C1CCSSCC1,1,"[(2, 2, 2, 0, 0, 2, 2)]"
881,C1CNCCNC1,11,"[(2, 2, 1, 2, 2, 1, 2)]"
882,C1CNCCOC1,9,"[(2, 2, 1, 2, 2, 0, 2)]"
883,C1CNCCSC1,3,"[(2, 2, 1, 2, 2, 0, 2)]"
884,C1CNCNCN1,1,"[(2, 2, 1, 2, 1, 2, 1)]"
885,C1COCCNN1,1,"[(2, 2, 0, 2, 2, 1, 1)]"
886,C1COCCOC1,4,"[(2, 2, 0, 2, 2, 0, 2)]"
887,C1COCNCN1,1,"[(2, 2, 0, 2, 1, 2, 1)]"
888,C1COCOOC1,1,"[(2, 2, 0, 2, 0, 0, 2)]"
889,C1CSCCSC1,2,"[(2, 2, 0, 2, 2, 0, 2)]"
890,C1CSCNCS1,15,"[(2, 2, 0, 2, 1, 2, 0)]"
891,C1CSSCCN1,1,"[(2, 2, 0, 0, 2, 2, 1)]"
892,C1CSSCSS1,1,"[(2, 2, 0, 0, 2, 0, 0)]"
893,C1CSSSSS1,1,"[(2, 2, 0, 0, 0, 0, 0)]"
894,C1NCNNCN1,1,"[(2, 1, 2, 1, 1, 2, 1)]"
895,C1SSCSSS1,1,"[(2, 0, 0, 2, 0, 0, 0)]"
896,C1SSNNSS1,1,"[(2, 0, 0, 1, 1, 0, 0)]"
897,C1SSSSSS1,2,"[(2, 0, 0, 0, 0, 0, 0)]"
898,C1[N-]SN=[S+]N=[S+]1,1,"[(2, 0, 0, 0, 0, 0, 0)]"
899,[BH2-]1C=CCCC=C1,1,"[(2, 1, 1, 2, 2, 1, 1)]"
900,[BH2-]1NCCC=C[NH2+]1,1,"[(2, 1, 2, 2, 1, 1, 2)]"
901,[BH2-]1OC=CC=CO1,2,"[(2, 0, 1, 1, 1, 1, 0)]"
902,[BH2-]1OCC=CNO1,1,"[(2, 0, 2, 1, 1, 1, 0)]"
903,[BH2-]1OCCC=[NH+]O1,1,"[(2, 0, 2, 2, 1, 1, 0)]"
904,[BH2-]1ONCC[NH2+]O1,1,"[(2, 0, 1, 2, 2, 2, 0)]"
905,[BH2-]1SSSSSS1,1,"[(2, 0, 0, 0, 0, 0, 0)]"
906,[BH2-]1[NH2+]C=CCCO1,1,"[(2, 2, 1, 1, 2, 2, 0)]"
